index,id,title,type
3742,tm836638,The Man Without Gravity,MOVIE
730,tm39313,A Perfect Ending,MOVIE
3980,tm474061,Malibu Rescue,MOVIE
1934,tm348993,22-Jul,MOVIE
4161,ts88146,Larry Charles' Dangerous World of Comedy,SHOW
650,tm598375,Chhota Bheem Aur Krishna,MOVIE
1684,tm247159,The Last Egg,MOVIE
925,ts20336,Velvet,SHOW
2102,ts83502,Ad Vitam,SHOW
1425,tm244915,Baaghi,MOVIE
3557,tm450478,Under the Eiffel Tower,MOVIE
2816,tm373134,Night of Knots,MOVIE
293,tm84613,Hairspray,MOVIE
1091,tm188290,Must Be... Love,MOVIE
2441,tm311283,Amy Schumer: The Leather Special,MOVIE
857,tm181366,Here Comes the Rain,MOVIE
1029,tm154729,Dedh Ishqiya,MOVIE
1227,ts35775,Wet Hot American Summer: First Day of Camp,SHOW
3231,ts106536,White Lines,SHOW
3569,tm494731,Sextuplets,MOVIE
1816,tm371900,Calibre,MOVIE
33,tm259855,We Are All for the Fatherland,MOVIE
2338,tm320249,Maria Bamford: Old Baby,MOVIE
2705,ts82631,Monkey Twins,SHOW
2994,tm332572,Meghnadbodh Rohoshyo,MOVIE
4332,tm476593,Krutant,MOVIE
3052,tm403709,Marriage Story,MOVIE
3780,tm818786,Menendez: The Day of the Lord,MOVIE
1666,tm257141,Cedric the Entertainer: Live from the Ville,MOVIE
1086,tm167342,Satyagraha,MOVIE
3181,ts221749,Dorohedoro,SHOW
3228,tm446609,The Great Hack,MOVIE
4999,tm1088320,Father Christmas Is Back,MOVIE
2107,tm320670,White Fang,MOVIE
4230,tm982018,A Trash Truck Christmas,MOVIE
2883,tm346390,Brad Paisley's Comedy Rodeo,MOVIE
4079,ts251616,Sing On! Germany,SHOW
1344,tm138792,Results,MOVIE
833,tm42306,Aiyyaa,MOVIE
4096,tm844978,Guatemala: Heart of the Mayan World,MOVIE
2735,tm317274,Can't Help Falling in Love,MOVIE
2021,ts76417,Tabula Rasa,SHOW
186,tm424630,A Triumph of the Heart: The Ricky Bell Story,MOVIE
2846,ts84038,Battlefish,SHOW
3900,tm948607,Midnight at the Magnolia,MOVIE
875,tm183523,Oldboy,MOVIE
4906,ts288065,Naomi Osaka,SHOW
1808,tm273294,I Don't Feel at Home in This World Anymore,MOVIE
4001,tm431810,Evelyn,MOVIE
635,tm57586,Mission Istaanbul,MOVIE
2000,ts57080,Spirit: Riding Free,SHOW
2209,tm266702,The Climb,MOVIE
2011,ts77783,Record of Grancrest War,SHOW
1648,tm211571,Niyazi GÃ¼l DÃ¶rtnala,MOVIE
3053,tm840196,The Trial of the Chicago 7,MOVIE
1039,ts122290,Dharmakshetra,SHOW
4365,ts234501,Buddi,SHOW
3764,tm452867,Jo Pil-ho: The Dawning Rage,MOVIE
209,tm21911,Sam Kinison: Live in Vegas,MOVIE
1818,ts121489,Two Sentence Horror Stories,SHOW
933,tm144121,Get on Up,MOVIE
1689,tm283909,The Super Parental Guardians,MOVIE
3310,tm447159,The Kindness of Strangers,MOVIE
3697,tm461159,Trouble,MOVIE
3463,ts215378,Love 101,SHOW
2090,ts95569,Rainbow Rangers,SHOW
1240,ts41963,Easy,SHOW
3190,ts88283,Wu Assassins,SHOW
2784,ts81632,A House of Blocks,SHOW
4951,tm1011188,Meskina,MOVIE
5178,tm1030241,Kurup,MOVIE
3424,tm845437,Disclosure,MOVIE
4970,ts329882,Secrets of Summer,SHOW
337,tm176528,Memoirs of a Geisha,MOVIE
5260,tm1091956,A Faraway Land,MOVIE
5147,tm1068777,Bankrolled,MOVIE
4882,tm984155,The Devil Below,MOVIE
2927,tm840936,ZoÃ©: Panoramas,MOVIE
4978,tm1111595,A California Christmas: City Lights,MOVIE
4219,tm813423,Marjoun and the Flying Headscarf,MOVIE
1290,tm230551,Ip Man 3,MOVIE
276,tm93055,Grown Ups,MOVIE
2281,tm405738,Perdida,MOVIE
2920,tm426367,Coco y Raulito: Carrusel de ternura,MOVIE
989,ts75104,Zbrodnia,SHOW
2440,tm321627,Ali's Wedding,MOVIE
1644,ts82475,The Dream Job,SHOW
92,tm411457,Pyar Ke Do Pal,MOVIE
3178,tm435520,The Two Popes,MOVIE
2094,ts78590,The Mechanism,SHOW
1424,ts41253,Love O2O,SHOW
4577,tm813078,Prayers for the Stolen,MOVIE
2530,tm445456,Pihu,MOVIE
1970,ts79422,Nailed It!,SHOW
2120,ts83540,Paradise PD,SHOW
2880,tm244277,Pa Paandi,MOVIE
4237,ts89679,A Thousand Goodnights,SHOW
1506,tm227029,Smoke & Mirrors,MOVIE
2424,tm410748,The Most Unknown,MOVIE
3489,tm827304,LEGO Marvel Spider-Man: Vexed by Venom,MOVIE
4073,ts266966,Juman,SHOW
2141,ts55581,The Bride of Habaek,SHOW
4401,tm898322,This Lady Called Life,MOVIE
4942,tm1174856,Chappelle's Home Team - Earthquake: Legendary,MOVIE
469,tm31564,Linewatch,MOVIE
995,ts88394,Moving Art,SHOW
1059,tm159094,Naan Sigappu Manithan,MOVIE
725,tm59590,One Piece Film: Z,MOVIE
5161,tm1111559,Grumpy Christmas,MOVIE
303,tm32919,Blood Diamond,MOVIE
3690,ts89583,Trailer Park Boys: The Animated Series,SHOW
3525,ts269690,Schulz Saves America,SHOW
1427,tm239947,Mercy,MOVIE
645,tm28024,A Very Special Love,MOVIE
5118,tm904862,Just Say Yes,MOVIE
4514,tm1022103,Outlaws,MOVIE
1248,tm139532,Before I Wake,MOVIE
5171,ts305254,The Ingenuity of the Househusband,SHOW
4569,tm992844,The Dig,MOVIE
1801,tm310899,Mary Magdalene,MOVIE
3756,tm886214,Mrs. Serial Killer,MOVIE
292,tm109137,Shrek Forever After,MOVIE
2737,tm366025,Blanche Gardin: I Talk to Myself,MOVIE
1782,ts74809,Knightfall,SHOW
4436,ts307973,Murderville,SHOW
738,tm161904,Bully,MOVIE
845,tm172211,Question Mark,MOVIE
4427,ts256310,Pacific Rim: The Black,SHOW
2057,tm326624,Unrest,MOVIE
715,tm174256,Red Riding Hood,MOVIE
2587,tm355941,Zoo,MOVIE
1167,tm120108,Kung Fu Panda 3,MOVIE
266,tm84371,Shooter,MOVIE
5188,tm1120636,Johnny Test's Ultimate Meatloaf Quest,MOVIE
2471,tm358746,A Witches' Ball,MOVIE
2234,tm443993,"Take the Ball, Pass the Ball",MOVIE
1849,ts55962,Dear White People,SHOW
4940,ts329711,"Love, Life & Everything in Between",SHOW
3495,tm448767,Knock Down the House,MOVIE
4946,tm1022893,Dynasty Warriors,MOVIE
4754,tm1162608,40 Years Young,MOVIE
1736,ts78305,Elite,SHOW
586,tm134407,Dev.D,MOVIE
2791,tm362047,Todd Barry: Spicy Honey,MOVIE
2817,tm348191,Love You to the Stars and Back,MOVIE
883,ts6,House of Cards,SHOW
1249,ts36856,F is for Family,SHOW
3549,ts187386,My Perfect Landing,SHOW
3850,ts223084,Nowhere Man,SHOW
2681,tm440946,Christmas with a View,MOVIE
3771,tm475430,Super Me,MOVIE
3510,tm922532,Freaks â€“ You're One of Us,MOVIE
3111,tm444017,"Extremely Wicked, Shockingly Evil and Vile",MOVIE
4176,tm836501,Super Monsters: Vida's First Halloween,MOVIE
4704,ts271604,Blue Period,SHOW
4574,ts343427,Samurai Rabbit: The Usagi Chronicles,SHOW
2627,tm367264,Milada,MOVIE
760,tm177044,Naruto Shippuden the Movie: Blood Prison,MOVIE
2818,tm375091,Marlon Wayans: Woke-ish,MOVIE
1373,tm244134,Tramps,MOVIE
1348,ts41258,Cinderella and Four Knights,SHOW
4596,tm841797,The Ice Road,MOVIE
1626,tm272484,Michael Che Matters,MOVIE
2600,tm283559,The Art of Loving: Story of Michalina Wislocka,MOVIE
5009,tm1092075,Forever Rich,MOVIE
2016,ts75749,Because This Is My First Life,SHOW
3841,ts89315,Huge in France,SHOW
1459,tm234292,The Heirs,MOVIE
255,ts32186,Sonic X,SHOW
1234,ts37971,Master of None,SHOW
2050,ts78299,Llama Llama,SHOW
2397,ts80410,Kantaro: The Sweet Tooth Salaryman,SHOW
4271,tm947446,Finding Agnes,MOVIE
4928,tm454879,Major Grom: Plague Doctor,MOVIE
2478,tm321073,Judwaa 2,MOVIE
1314,ts42119,Greenleaf,SHOW
2026,ts75355,Suburra: Blood on Rome,SHOW
1589,ts55556,A Touch of Green,SHOW
4780,ts271593,Spycraft,SHOW
2564,tm326704,Parmanu: The Story of Pokhran,MOVIE
3591,ts226617,The Innocence Files,SHOW
4133,tm893874,Choked: Paisa Bolta Hai,MOVIE
1267,ts53287,Roman Empire,SHOW
2842,ts86302,Check The Store Next Door,SHOW
1893,ts79546,MEGALOBOX,SHOW
1567,tm218683,The Massively Mixed-Up Middle School Mystery,MOVIE
2460,ts57291,Unrequited Love,SHOW
2684,tm414746,Carlos Ballarta: furia Ã±era,MOVIE
914,ts32271,Shtisel,SHOW
3898,tm980097,Holiday on Mars,MOVIE
373,tm78767,I Now Pronounce You Chuck & Larry,MOVIE
3519,tm454824,Silver Skates,MOVIE
4836,ts306068,Luna Park,SHOW
1504,ts55223,72 Dangerous Places to Live,SHOW
274,ts17942,Chappelle's Show,SHOW
1331,tm205437,Dream/Killer,MOVIE
2037,tm409766,In Darkness,MOVIE
5077,ts293346,Race: Bubba Wallace,SHOW
4171,tm917999,"Rob Schneider: Asian Momma, Mexican Kids",MOVIE
4570,ts108042,Maya and the Three,SHOW
2706,tm316923,Kartini: Princess of Java,MOVIE
2800,tm411856,Hari Kondabolu: Warn Your Relatives,MOVIE
1526,ts38769,Chelsea,SHOW
482,tm34846,Bleach the Movie: Fade to Black,MOVIE
1184,ts42120,Travelers,SHOW
5240,ts297685,I Need Romance,SHOW
2992,tm433087,Rise: Ini Kalilah,MOVIE
5234,tm959213,My Amanda,MOVIE
1153,ts41961,Queen of the South,SHOW
5230,tm985747,I Missed You,MOVIE
3513,ts114080,Twice Upon a Time,SHOW
1343,tm245724,Ares,MOVIE
1741,tm344989,Lady Bird,MOVIE
4693,ts307925,On the Verge,SHOW
908,tm178712,Scary Movie 5,MOVIE
1500,ts42011,Cheer Squad,SHOW
2606,tm429186,Up Among the Stars,MOVIE
2247,tm293867,Neal Brennan: 3 Mics,MOVIE
3197,tm446176,American Factory,MOVIE
4330,tm878495,Kambili: The Whole 30 Yards,MOVIE
3606,tm932609,The Binding,MOVIE
3097,tm428856,I Am Mother,MOVIE
1933,ts82560,Dark Tourist,SHOW
1577,tm273933,Reggie Watts: Spatial,MOVIE
3113,ts227305,Tiger King,SHOW
3106,ts105047,To the Lake,SHOW
3938,tm833382,Keeping the Bees,MOVIE
4123,tm923612,Any Crybabies Around?,MOVIE
4013,ts228502,The Iliza Shlesinger Sketch Show,SHOW
4730,tm1110389,Single All the Way,MOVIE
323,tm37546,Happy Feet,MOVIE
4200,tm896246,George Lopez: We'll Do It for Half,MOVIE
3522,tm447439,System Crasher,MOVIE
3952,tm462778,Jimmy Carr: The Best of Ultimate Gold Greatest Hits,MOVIE
3083,tm824398,The Platform,MOVIE
1607,tm138584,Hawaizaada,MOVIE
2073,tm429163,The Photographer of Mauthausen,MOVIE
1852,ts78452,Requiem,SHOW
2341,tm286532,Rock my Heart,MOVIE
38,tm10204,Professor,MOVIE
720,tm178323,Jack and Jill,MOVIE
244,ts12724,30 Rock,SHOW
4235,tm435836,Mere Pyare Prime Minister,MOVIE
2158,ts55939,Bonus Family,SHOW
4498,tm1111987,Munich: The Edge of War,MOVIE
1199,tm193769,Steve Jobs,MOVIE
5027,ts309676,The World's Most Amazing Vacation Rentals,SHOW
4233,tm885948,"Yours Sincerely, Kanan Gill",MOVIE
2082,tm315584,Godzilla: Planet of the Monsters,MOVIE
3863,tm372035,Paris Is Us,MOVIE
2928,tm349134,Fabrizio Copano: solo pienso en mÃ­,MOVIE
2688,tm492277,Semesta,MOVIE
2453,ts78145,Drug Lords,SHOW
792,tm57382,Kath & Kimderella,MOVIE
5259,tm1146635,Daiki Tsuneta: Tokyo Chaotic,MOVIE
2699,tm318492,Overnight Republic,MOVIE
4348,tm983849,Vir Das: Outside in - The Lockdown Special,MOVIE
1503,tm231314,Zip & Zap and the Captain's Island,MOVIE
1116,tm146144,Bobby Jasoos,MOVIE
2721,tm411257,Kevin James: Never Don't Give Up,MOVIE
1224,ts41149,The Ranch,SHOW
4169,tm1020701,La Vocera,MOVIE
1076,tm205684,Confusion Na Wa,MOVIE
1177,ts42170,Crashing,SHOW
123,tm121879,A River Runs Through It,MOVIE
2759,tm294696,Bygones Be Bygones,MOVIE
939,tm159796,Brick Mansions,MOVIE
3962,tm814894,ParchÃ­s: the Documentary,MOVIE
3343,ts89119,The Disappearance of Madeleine McCann,SHOW
1731,ts42405,Mindhunter,SHOW
2663,ts86067,Death by Magic,SHOW
3790,ts88937,Shadow,SHOW
910,ts20281,Sofia the First,SHOW
3504,tm893816,Desperados,MOVIE
458,ts23319,Timmy Time,SHOW
2636,tm426117,On My Skin,MOVIE
3011,ts87466,Demon Slayer: Kimetsu no Yaiba,SHOW
1737,ts78801,Cobra Kai,SHOW
3819,tm954606,Felix Lobrecht: Hype,MOVIE
3783,ts87698,Examination of Conscience,SHOW
802,tm66725,Kalakalappu,MOVIE
3658,tm458893,"Oh, Ramona!",MOVIE
2379,ts82867,Becoming Champions,SHOW
4287,tm835445,Deon Cole: Cole Hearted,MOVIE
146,tm21596,Hollow Man,MOVIE
4003,ts224906,Find Yourself,SHOW
1888,ts57822,Sick Note,SHOW
5015,ts300274,Cooking With Paris,SHOW
1740,ts56768,Money Heist,SHOW
3048,tm849022,Hillbilly Elegy,MOVIE
1203,ts42077,Medici: Masters of Florence,SHOW
4714,ts255486,Godzilla Singular Point,SHOW
1583,tm315345,City of Joy,MOVIE
4282,tm435327,27 Steps of May,MOVIE
1239,ts36983,Fuller House,SHOW
990,tm144021,LEGO DC Comics Super Heroes: Batman Be-Leaguered,MOVIE
1623,tm238486,Theo Von: No Offense,MOVIE
888,ts20823,Orange Is the New Black,SHOW
4158,tm462037,Mi amigo Alexis,MOVIE
674,tm32982,Les MisÃ©rables,MOVIE
